Football Manager ID,Transfermarkt ID
5660143,37617
96083934,36088
8718494,55627
890425,66722
884669,60550
70036197,37380
70091097,86183
70085807,86214
451754,85617
451816,85601
70036542,27567
2000026056,40863
8475531,55692
457549,2615
106670,30988
309416,10908
14229862,95430
8728250,96813
70080674,97741
37026456,30770
3801617,10374
2018775,2019
104408,34654
452073,41081
76045904,64670
14934,2450
141338,1523
2003501,1523
5341870,63572
980816,98082
4568,1665
5660195,28835
5240412,28835
75004236,28835
5666435,28835
23231999,28835
14001285,22241
14009372,22170
14185028,90689
11117,35676
7681721,99903
121131,27353
661804,98487
618097,76794
477229,62399
2000082571,91780
2014805,29309
2014692,22734
2014726,35091
5324110,5190
486719,63500
5310232,10387
484980,33032
490590,59776
478124,66874
492453,67766
8078472,63915
58049879,81632
58142509,94451
476549,71838
58150462,66145
58004161,63917
490239,68756
480278,42202
128665,51385
64000239,34952
3601111,12633
2000074351,62777
51067230,35117
2000213,22256
14086722,64885
106049,6634
955382,42372
707771,19768
662035,94297
583,65094
705752,4823
833886,96911
5785822,75907
5746431,4254
2014799,17918
5789646,41750
675528,16640
43116263,43762
5639972,46916
47017412,11437
121127,12232
7480957,15159
55061054,28678
78095562,67948
78005796,67948
8826830,67948
8827794,67948
8827982,67948
70107964,55848
70032630,30876
8478432,63783
454402,28463
450299,24792
2018773,8208
8485305,38319
120519,13105
2000144039,93338
454526,59420
454795,90166
706507,31002
67064973,92262
93127316,62270
3300008,69680
8055629,99437
490084,79356
484677,72859
484682,41038
5310323,41038
706011,80876
485098,63931
5201881,55482
19035684,93867
306572,32948
51032214,65409
824039,71214
456312,65265
467224,83535
17039710,75700
17028979,43172
487992,21326
3102697,59822
41005975,59822
105756,3138
5310542,52545
5311105,52545
5312317,81383
71010500,81383
2014743,8706
485760,1006
14148014,22146
50075001,73203
864060,27911
16305708,66353
43116840,73923
43077581,71403
43605637,88064
830603,37273
43615088,93921
88023484,39768
2000126350,99018
60009350,69957
2000107061,76896
5742819,72096
36117630,43044
6800009,22548
114840,28467
876661,21842
486205,45626
732083,59457
5700598,8239
67018499,5120
86052882,76973
5260097,27311
55038359,62294
364,36049
5701262,71736
5636643,96376
434155,28430
433959,63391
147803,73123
88022837,38043
5703182,7907
5636734,73069
138424,59040
54203381,60241
7540779,22654
43125944,99490
97100237,21455
13130394,39385
454411,82931
2000065664,84922
43026557,65164
519829,20291
458844,72485
141556,28188
7741711,28899
8480819,787
117113,24793
3301208,23935
6100549,2917
93129119,26762
37018790,19316
601741,10522
7560962,93406
38042038,49790
35014127,34514
84108338,82472
83257034,83530
2000127916,59486
47067985,29300
70079093,7900
8708300,40822
3800833,3436
884970,67
705396,2135
1507625,2562
3801540,64740
25055797,84077
53089265,54821
7852,50526
771618,35397
53119051,50408
53098026,94022
53000624,88330
763507,54821
116531,27785
5745707,56376
11038,4790
70076194,28350
35012185,4755
5601777,74727
456876,1062
70032804,89898
70056186,89897
70104939,43513
451944,34580
70112780,47988
70024433,37379
70087878,65590
55066295,59258
35007029,35802
70058664,55847
70118039,85291
454456,87864
7541403,7896
57007078,19155
836670,42550
4647,24536
4200612,30226
829744,66218
11889,25626
705606,50615
116954,49549
8830434,92725
824131,93393
140116,4796
5745853,63752
450528,1061
10418,4547
7540697,35678
7546474,6422
7542558,5001
57007381,7206
7540753,67569
140111,51803
11015,10208
450446,8536
115630,20099
104074,28937
38052229,16532
92014785,9644
684553,94641
3102376,95539
8627379,17399
148392,22446
876776,5304
92097908,24120
3735,20170
55027539,69345
1350,2150
900076,10104
4101905,29329
454866,82506
458158,82507
29039890,60205
2000080936,61630
2000079448,88517
463505,77378
70024119,61629
70024428,35727
456488,26866
457546,30975
8140,59911
451058,19920
47075920,42161
35016364,50805
703149,53749
104325,28632
91135958,29973
126639,36182
43268982,51498
43213047,42084
4301245,12162
11318,50687
70113331,88147
451784,44479
36078328,46523
104424,506
36057253,46523
680544,2335
457979,89899
70121302,88148
70047040,65975
70115371,27579
11247,18534
29039887,69963
457494,120
5385002,76851
8630537,7888
8630536,39259
35007523,3415
528684,53946
11018,24155
2014615,2730
57067017,2
475790,51530
713517,52638
7004749,17671
132783,18776
41000384,18588
36017840,47331
96146503,60963
4200440,93215
67220940,93215
67261146,93217
13204158,52977
2937,18588
128599,27866
3501243,16586
12042025,10679
23098101,75198
134946,50322
23062952,50322
98057031,53683
7581170,2440
851591,37225
7500747,2934
464215,46594
831854,92792
59001988,24776
8500482,24783
7450331,42856
67008280,62451
2000055028,84585
60000027,72068
60011226,93285
8800746,92697
706122,92792
8800350,72992
2000019538,82066
60001252,53609
60030576,64123
60028729,64333
3802732,50218
59007095,37932
1652938,64407
5607100,31169#
27032390,17552
478028,54076
482216,62783
481717,32627
478328,49424
58103348,73522
491447,59996
3600693,6420
2001313,6907
117119,4776
50065278,51940
3501327,30525
3503289,83187
5781439,55962
8082571,2073
915684,76846
919862,93707
50058130,83464
55021600,11055
55021599,11055
3272,11055
5701087,37465
5743015,14767
7444816,5109
36130558,51388
92083674,30857
8436230,60907
3502913,61738
85015897,18241
9031,93112
8429529,9898
7460485,54312
2018698,47986
14036,3647
708019,2134
703445,48991
705227,1294
705080,22001
43024262,29507
15034,35533
126527,92540
8728176,48380
7980016,12908
7989370,6301
3997,42066
3802417,25245
3801557,25228
703983,26157
3801742,63693
3804992,74781
43203853,78084
43036486,62536
10287,56669
706637,25067
706308,16467
2014664,17363
7482274,53599
139791,10079
5315448,81032
876509,34497
8721279,15442
475785,580
14654,9879
1651928,29920
4210650,30245
55061396,20174
731351,31344
84127350,66277
70046405,31336
451865,79835
2018788,792
457035,29046
70058003,71084
43117560,87459
704985,22423
43407143,65993
43268987,72006
43007897,87847
705066,45055
43012000,45039
43206625,67562
4640,37285
706640,18850
43009076,27200
36157599,56220
7985877,9124
830266,87683
704867,49785
43115002,30070
1406113,72914
705717,71990
43010723,72165
6100513,56385
43075007,39575
705223,515
2437,25542
706443,32353
60021549,69845
1405131,20742
706649,48949
43130927,59541
705171,18617
703373,2242
706092,94965
704607,61736
1403510,13953
11061,87388
12544,53812
115270,46664
9729,72779
6100611,7517
12099,10574
3803733,12913
691577,38072
43350633,55884
4102349,51377
6100405,53978
830605,62905
706186,63788
6100102,89520
833866,16477
7980779,13947
2000084774,94807
2000084773,94806
2000058386,94799
2000058378,94803
6100555,13843
2000079339,94798
8445,38195
43123028,94797
826981,73670
3804675,64045
43007723,74242
7989306,86336
43214006,79621
43031309,13823
7980234,74269
43270596,85652
14155,42064
5600711,55100
7980179,9461
16005187,93516
6100445,47318
43052035,12146
3800825,13839
705652,8703
705932,35489
11260,12560
16341013,93827
16127900,55579
2000331,2118
463711,28949
70102778,90734
70131940,42434
454131,56137
450508,801
3804834,48886
477940,64101
479976,12230
485365,54792
2282,12224
451760,53723
13263,36051
36000557,17659
470809,73765
34043905,65904
34043904,65904
34043903,65904
14681,65904
919,24207
58110123,94986
528620,49610
6601064,40837
8168107,707
5385003,10098
80006916,22901
4200590,439
59006999,45937
1652889,76683
65013601,41896
200305,706
65026608,43922
117012,21191
36076698,50239
876791,14563
116940,8776
130693,61977
401976,2188
57147177,25753
7543908,87704
57098444,25753
105986,45350
130655,3632
5310251,74174
43490823,72218
23288270,52435
7521207,60461
149612,36791
149756,79239
5341869,57443
43318233,78443
8449,41140
59138857,4767
477933,4767
2001723,16539
7506406,7682
142607,89852
2018649,23782
310789,85779
7502859,4053
116369,24522
9323,5643
7500568,36276
104350,23257
7500607,2308
22018539,9596
142730,20988
116383,7676
29125162,17435
67294219,69675
7004392,38310
7501522,21510
5300045,61291
77059361,77920
2000255,20143
1501854,90931
19343644,90272
4000785,1705
2014927,81040
4100119,58469
3300409,19398
36139325,78891
450424,19407
2018806,32128
705244,6496
19002936,83174
7499,75079
7989206,12597
35007453,3589
92063677,4864
495663,28282
477975,59995
70047294,37672
450794,19095
464848,39871
7498,24351
8476071,2492
7449883,5941
8485628,10883
456392,46223
12490,40496
47018174,18517
13196043,25715
55021994,52501
8879196,11392
43081232,20727
5660237,22970
8826105,42734
107068,4782
465029,2628
601552,497
8713095,72
28010315,19944
3201512,1903
7561577,69328
7415,27237
3300018,91297
1343,19944
7981826,10073
3801601,12924
7001437,2063
4001686,11536
89072042,80757
8718049,88047
3600746,694
7560181,41185
2016368,53128
8106,24705
680664,74011
2010516,1269
19151968,17444
70087876,24256
11238,7671
2013756,20444
76038993,26587
83143750,53922
4200959,12110
18097072,53316
8476,35112
127379,32138
19016090,72121
117112,5199
450891,30871
2015765,18753
3500499,64059
3500871,76282
3502585,63863
30031345,26516
127555,29437
33079222,66555
16333768,21819
353514,91963
2004197,21217
5203649,71534
74001322,84048
74002799,47341
453915,32976
70112916,67128
70007787,25912
450574,91894
35023416,1597
478230,64902
139604,7484
34000240,24611
50058494,75305
34011598,12663
85017302,20904
911031,89422
50052077,83018
3504685,64696
3501982,45664
34001938,59403
85030800,88089
8429638,58283
829910,16083
810,20773
4697,16462
6100609,7503
43036962,16088
836168,56747
836219,8036
10286,25643
3803879,47260
43161263,41534
43446543,59164
705610,55149
8092,26169
7986766,18575
43059636,27809
43115057,38146
3804679,42089
15039,16442
705674,19861
832854,39125
1964,35432
6100313,53772
2942,42757
704181,68932
708018,527
3801445,56336
43009241,10050
830081,91249
703885,2141
67092766,19729
67064573,33150
10959,14144
67058313,69679
6701023,26608
4210592,77561
67129719,70414
4211222,28307
2000081457,88742
14683,91895
11986,23987
14,23119
201735,3607
530044,37646
8150713,56421
18114964,82591
2018795,2849
70104472,76025
451934,2613
455340,10633
454050,42402
15249,52065
37018757,88237
2014388,11487
5125007,6569
2018573,52367
117122,9284
72006261,1607
20015272,76068
450511,810
458414,784
534426,2043
463719,22385
452012,42058
567075,90413
72021500,89028
20503082,90656
20048770,60710
70063390,42563
8481291,3679
458437,5215
455072,91421
8475116,66359
452605,35466
29039828,30615
459383,36864
453898,26654
70005997,28591
70032957,68495
454597,90352
3100536,75562
7004770,6067
2005231,15701
103670,15696
70047291,46245
454553,17749
4299,1695
78007251,91433
465003,10654
452311,38129
458783,32805
453965,90894
2000072903,63167
70046347,13272
468251,31974
459433,31443
453332,91449
70133863,91438
70047334,38051
96062565,91431
92017393,4849
86070840,85351
2000120,12551
951808,16392
2105072,40623
452467,22847
78009609,11445
4209505,42706
1109,6809
7000614,55787
35017461,90812
829412,90748
70058849,91153
452318,91152
70047268,85902
463286,91157
70056929,91150
3300206,4733
306951,4732
477943,12541
477944,62001
67221464,61196
4210771,36311
7444809,66645
67004343,19630
7452919,6469
67017750,54965
67011222,6527
3280,29130
1502854,6640
6704798,88688
4210218,31990
10956,6531
67022940,80627
70053161,91009
453055,18919
55023238,27688
55061055,62185
55045756,22681
8433910,30631
8429100,8872
3505185,19460
705321,18614
6071,33805
7985140,12428
9060,16377
107654,30637
2020106,599
70036576,31855
455495,32061
70025030,88833
463496,85898
454477,16911
11872,2132
6100432,34361
8432,34187
306987,19497
67096656,17326
7002451,40052
7002299,2819
4209645,53761
83114403,53596
3802147,20749
43616901,87777
43161359,77468
3803616,520
2004389,45358
480729,51493
107011,5071
54003775,77230
714871,77229
711166,49734
710453,5483
2015284,22699
72006762,53981
2000065816,86090
2000039937,87959
1508006,30379
4211287,85748
2003538,54482
857,7616
29143346,35076
132925,6414
918297,18233
49055236,89387
3502068,3881
11106,39452
3502087,87808
8481431,90562
458537,34112
469495,36667
70079931,86794
453545,36668
451265,49774
8481247,82767
450681,85561
463904,49148
468559,90563
70104900,72309
2018761,10052
456345,65364
456005,85048
8480983,20968
8486316,23630
453543,13283
70024245,26603
70025259,88195
454558,90790
2000066039,90791
70032696,34322
8485921,31384
106675,88763
70006827,88762
452162,10719
8708009,90574
455593,41069
451626,90319
464992,85280
8486021,75825
8486012,22411
70032750,41055
451625,5014
451712,5195
70047293,53861
8475054,61439
458695,49018
3601052,79739
70058911,86361
454969,10148
8486255,63205
70066060,36077
70046378,19133
70063377,58609
70047438,25834
457530,60736
453574,13280
70063478,26668
464958,49149
455743,22840
450677,31571
70096076,47527
70133873,89427
70133850,42586
455329,88828
456810,9513
452029,63199
451737,37859
70056420,26658
455782,47670
2000038298,72415
458774,56027
70007937,34579
70133860,82709
70007228,10119
70036565,72384
451718,19301
453806,36718
452423,43752
70118357,76521
455224,85544
70079930,13011
455302,88746
70101805,41899
8481207,19142
70007127,36673
70047340,49925
70032963,31114
452842,18043
2000039915,84021
70003339,38528
452594,84994
70005947,6651
70101780,83559
465084,83173
452492,10701
464960,47465
70063487,61048
8485838,10364
19193657,89419
918392,17495
890257,57171
8325899,31281
8325857,62558
10433,89470
140121,2599
2020255,617
4001087,15662
451704,66061
458423,812
70106880,22405
70117764,79772
457008,79763
456966,79761
452350,798
70119974,83824
29039851,73982
70008566,72227
8476083,22412
70115413,55689
70121311,88368
8717010,7115
83263228,88658
458334,47079
455947,4609
7542645,66968
7541763,88160
127392,32351
70120323,51706
2018790,24586
33033224,41988
517645,70352
454442,41916
8480793,6366
91173524,25064
8192,4903
14916,42183
11024779,36697
12092,2100
455530,88440
453538,5204
8485804,27861
700810,30469
2018507,2810
69003728,4326
70007230,16910
601620,2200
18054066,86355
35007828,3625
47046421,19743
520023,19457
29127736,66133
451649,48148
450921,77155
70063374,63323
70024289,38778
455437,8008
8501300,4208
6001964,419
134612,12950
7861392,52766
24056653,62910
2008537,11888
1800711,11768
675538,1341
55017334,8369
5720082,3142
14245,5065
458440,15266
451902,9012
70093930,88319
453280,35467
70058024,84979
650141,30505
5600605,5200
132945,27031
8480831,16989
451672,49153
29039840,8269
451942,22388
451882,19092
465016,17834
458467,61321
70006836,26639
465032,72443
456356,39571
70025421,13278
455668,8010
456989,79474
57126555,13105
653016,65937
458212,46157
450533,5002
14204576,66528
12765,5113
3503272,1539
70042270,73129
884689,32328
715020,10613
711520,25526
456310,27625
29143993,53068
54004044,52511
5101803,60388
500694,300
451790,30992
456192,32701
8485932,17012
450514,12053
450743,2627
70104546,86915
454771,76745
70036620,51878
452158,52372
8832971,10447
455737,52554
70005948,18151
132665,4481
5749384,64445
132728,4571
24002447,4304
83107144,50474
3601286,1303
19152686,68987
8401169,86052
457154,5540
70053165,18041
117117,29119
2018784,815
802396,1804
2002008,6653
1043406,9837
703963,62049
36036701,50923
114656,20354
675162,12494
23126765,38291
2018834,11595
28100465,50289
143035,53522
142957,12636
143096,67074
143224,12605
452420,47987
5774311,65620
6001805,587
703087,521
455819,2444
8431105,83723
2005043,15907
19249418,56779
465039,5081
457039,55924
70115373,65670
117118,43924
70099704,42407
70024431,28873
452069,27558
70006876,63857
70102520,75986
70075431,63549
8485306,6234
5360185,17670
450685,22369
304591,6528
87000968,10986
1201065,7839
10240,27454
8325393,18205
7540780,34461
7542540,47210
7540648,66967
116958,58407
7540331,19152
7540760,28180
7540783,19151
117053,81160
117001,50179
7540268,34355
117107,23340
140076,73139
57013001,82708
19224455,58565
70032965,79738
57036153,46280
8877390,12035
7549919,81430
2018770,82796
5360703,57758
8476165,73246
70091024,82813
534663,47865
18005538,43430
3201128,47866
43321724,60361
104327,52159
652713,31610
5600615,22647
43476210,60260
8403181,19960
70024230,13269
38057568,31242
717462,2472
91153574,40756
705257,13822
5602261,8300
5602262,13178
16339549,71253
5601571,24502
5600749,48376
16000028,18331
16037965,10629
16300369,51653
5600737,47183
16147160,70680
5606347,27678
16199880,27681
16011303,14291
117160,17775
116982,34934
26036558,49819
143291,49819
2001958,35373
7867830,32941
1618,4835
70047295,36570
70093906,49809
456589,75456
70032674,49849
131822,39971
3803574,17772
675214,1340
3900362,20038
8485933,35771
59035589,41383
70056397,73282
70003331,64893
458776,43699
70056908,31310
456970,64778
456968,5471
450104,18920
70046356,37816
59006315,55726
59074265,28646
96501870,71509
57103294,83170
57103293,83170
42029227,27438
2000239,26243
2000237,14744
59006382,24778
478727,5498
43269164,79442
43117539,79441
1652964,42255
47075031,53488
3700294,9102
53031658,19269
57006801,27880
57122738,37944
7543316,25315
57000829,19153
57089057,47211
7540831,5588
4210872,82823
450537,5429
114839,32004
705937,3018
140144,31111
70063396,47016
39017920,41893
42061479,39972
5795759,2747
132654,4183
2019209,37443
2018845,17340
484983,14925
42078365,69870
42006500,69870
7502399,12520
7500609,21169
7742346,17094
4206780,38867
5781501,4553
16000024,2465
7980780,13834
513067,24209
92014911,25687
450452,2043
450428,27470
601789,35457
5754820,19847
5756765,63809
5759534,79280
132640,69723
5774702,11758
707763,8916
456332,9106
117111,40285
5764529,34518
62177622,64490
201744,3800
851229,13405
67272066,76076
91187953,52616
5745217,4955
5754862,5469
5745736,63768
62071132,65050
21037649,80446
62010875,69631
62072503,53008
62093980,61271
5741440,4558
31000734,47970
2006070,12351
5780622,70865
62070537,80694
5761890,71635
53002681,3413
5742690,78817
62052587,30533
5745219,65035
106676,21073
11979,10254
23227745,68335
15043,35626
18054192,80358
95079543,63723
85036549,70406
3504179,2915
225321,46452
857173,11805
127738,41014
7900274,77773
7504617,21254
494101,13473
149780,19926
5648539,2856
27142224,57981
27112677,62405
1848,24055
3565,1212
979160,51140
4102137,49852
894122,50547
5742169,24972
13209710,69536
139785,39188
67193455,30776
6100691,2262
7563856,78930
5643788,58733
728319,69154
703179,5573
3201122,38506
59034307,27134
8707639,579
5763278,13866
31037422,32345
2001415,9553
6001186,16062
458432,49205
4001459,21212
33021677,5149
8766,80329
12640,54937
12000687,23737
3700299,502
35000512,2715
2001303,10969
33079666,70345
107718,69891
8718369,58960
139720,66250
600,65072
601082,35587
141588,19286
2001855,16447
2001834,16447
91208879,61681
114673,12465
26040480,64354
2002065,11597
36087731,30823
36104683,30823
4204310,30823
12002294,10509
5370290,34980
105486,42951
528594,33224
3500743,16232
833026,27378
43161032,42007
1200111,1799
3600749,2912
19048090,8226
12469,13026
5000174,11390
4209657,1340
67139854,76076
834204,14546
12219,20218
5303,3740
3801413,24863
14906,14577
23393030,73737
478434,43516+
829534,52249
2001321,36502
455741,43942
4989,18034
980788,23138
2019298,63137
3301452,11402
450516,5078
301838,53809
304840,9047
13107120,38968
41025783,75113
41000249,55586
23323871,24121
114848,7877
105957,23835
105452,9324
478044,40527
478058,2758
12639,2716
1587,14217
25020557,16329
5779269,17123
12008501,49372
5667784,11441
120752,43306
601916,11556
33031826,27368
2007950,1766
11010603,19679
465017,2626
755849,22844
117663,1800
104324,33374
20191,525
133233,26480
43005856,12602
15187,24960
18088528,45141
8717543,34996
36007949,25629
5708365,70431
528589,70431
455752,8012
106718,34157
1411797,7521
517609,12144
4096,23647
114592,4695
7443,26826
196,32759
2010953,19836
2005225,23954
2271,27669.
72021793,74611
72038647,55719
107001,22848
108477,5367
143118,50606+
67022054,14860
26015436,37293
62046883,8141
3503602,37134
5790125,8142
2018766,4176
455665,72236
450518,788
480815,2763
7696,19874
7540776,23274
675370,64805
58150514,64806
1508848,8254
7484387,61179
7482258,6599
117719,1548
5743029,49275
8430749,30213
23176348,14447
601042,8286
450695,34578
70047316,56479
7504683,21521
5101428,21731
2014399,64367
70091094,67026
7984600,13958
4100230,32347
734028,1689
116422,8128
710514,30163
3700004,17734
70075705,7251
13115332,28391
132996,3075
3503833,3577
48037968,73205
2014870,5361
5385613,65891
41001347,33658
2001987,2906
8476020,5202
28027167,7292
145919,22054
2420,50661
59063910,24139
117714,5575
5749802,8988
1650703,59887
1959,35431
611,37229
7961057,9279
8326037,43795
8351475,4786
8351603,7710
88024234,71313
58,20954
29191501,60527
38047609,57817
2018833,5720
4400378,18695
890487,53924
7502450,41561
142721,5089
6410309,58483
613971,71614
28092477,39956
1100156,2586
5688599,2072
813622,53764
2008474,38926
8439631,6540
91018058,2031
601404,6210
29226159,64473
3801541,2047
766879,50603
145338,33939
145313,15279
58019379,41029
485644,2764
455632,26641
33076589,56791
106690,56791
512682,48796
33003217,9423
21021025,21164
3601782,573
512495,45255
8506721,59396
513375,8046
522938,37822
522700,44756
116119,48497
514523,48497
519940,42295
33054163,71004
8504208,64224
39002752,14493
16189790,25609
35015818,45555
516441,58815
514078,58815
5005643,70004
4210712,19601
7524079,9308
1616,14260
22016131,29693
7161,320
38051119,70048
38037251,70044
704863,42063
108719,54235
6701095,61868
14866,39093
2016403,3347
7560405,35675
57133235,69446
2005933,15289
57177857,70372
117034,19146
7541507,4794
38044100,43012
24043895,55685
5571,7971
107873,64495
705285,35782
16282101,56584
134463,11267
18100258,52029
6600230,54653
4200605,10471
876801,360
15030,4593
43043886,16509
2002043,34986
8500607,1617
95065128,30244
4051,30785
43002511,57208
830024,2130
770809,61214
53033849,43938
131550,24669
33067822,48481
33023420,68627
521613,43595
116094,44295
23260514,53636
485088,29402
6500004,1801
614821,11676
145262,33946
31037564,63306
53058644,68374
58062836,37745
478529,48017
47015098,69252
478388,6755
61038247,6756
510640,23762
121300,58648
767656,23214
143744,70277
47037232,46436
403110,65983
5662878,5091
2008379,15150
7521022,45693
2000219,62271
675378,44377
834008,8646
7580131,53295
6100561,12584
143484,13480
6441,21624
114860,7875
3601106,196
902567,11664
3900977,36782
781173,7579
3902270,5719
3900420,22051
45053103,37964
4571,20014
91190634,17298
7504686,34668
142892,24893
7525931,56824
2018977,32306
485416,7133
10174,2007
601495,2960
4200458,17324
4206593,68884
477225,40201
720755,24891
132657,42448
5610767,33055
16051824,53927
5666652,11452
8829905,11452
8829886,11452
28005829,5041
96018067,12052
96011220,7048
132288,14868
717687,14313
67018749,4600
96029776,39383
96009580,20567
3569,6492
5720286,26907
3500697,65962
86070668,63284
72017613,39931
7521000,48375
458815,2332
38007997,17075
211238,43301
15447,3352
3600806,17447
1030494,19321
8627189,62515
401971,27831
5360305,17640
98000838,7610
8626230,53355
34003982,25602
85075482,18987
912931,7101
3500286,3949
3201117,3801
16023825,9556
745489,1693
66001421,50013
33063653,45040
510129,9423
11123,22575
4209435,35564
67013828,49704
4210337,24758
43130667,51014
43095851,42603
457387,3106
308444,2782
950092,22079
454555,10144
85135801,30607
2002028,11616
813590,58954
457726,5201
950834,2541
5319975,66913
5310123,47293
6705300,2922
7850,31095
132896,2859
116423,12022
54006772,16127
70104912,60115
485342,21444
38020565,14091
451622,789
8480929,19341
4210822,6444
143095,64787
22016872,22578
143399,20080
3202029,7073
114653,57862
6703391,9341
650097,20637
114635,46525
4209160,20198
5749926,4210
64019352,15326
8870003,10682
9888,48805
38007529,60440
7523915,14953
926037,49694
478329,55176
2008538,12536
67112669,52612
11102,9326
1805946,20475
1509277,8780
3503384,40833
38010751,40833
7681148,65859
53114062,24615
53117071,24347
1876,1760
1642,64934
53130444,43921
28096888,32357
762328,2643
12252,44707
2012805,60035
53052885,24578
751844,53533
1100230,9057
53047391,28610
14337,27781
944603,6929
12246,48690
7540506,13737
7546821,13737
70033000,12866
551482,4052
9908,7232
6100323,12015
14160,25681
67046469,30325
450506,811
3600861,321
8627296,12100
650426,2924
7842651,11268
15196,31153
106715,16508
2003246,60074
1408,17170
4210763,15078
2004296,9996
478552,38759
4202990,7282
2014348,50870
6200933,5729
8875109,21268
2006171,23641
142890,52301
1508025,47254
53091638,50075
19268998,40372
128257,4373
705184,3109
1700863,8194
4206726,60749
705228,3793
7521208,13481
2016358,8137
452283,56902
457448,790
452997,43463
106663,48147
23232436,61144
93085980,57284
4566,12361
35021579,6681
710890,61804
713170,52445
96079760,60557
96008271,26038
711536,31447
714915,48328
3301586,1976
96052932,48853
96083863,48854
711432,50903
96065538,63681
96101231,61277
710541,4218
2001928,3598
43040879,45574
107057,23531
12014679,25723
8626540,57588
1009724,36649
675166,28030
4203200,780
59127984,27139
1652966,54485
490803,62176
7521201,9349
3300000,10334
4201386,6259
494391,30340
5640480,3354
600429,25286
8441833,23543
145149,39297
149657,42249
59025148,11048
145100,19928
147560,7516
59028500,23466
145040,54758
5313327,58951
59038620,20607
59063425,19578
1650151,41015
146749,39123
114908,7316
3700001,52773
5312287,55202
512952,17235
47062476,49892
139622,12932
71044983,58494
5312288,40960
5315044,41743
133096,2867
43271760,57478
7520762,20666
5220000,7864
478580,30341
481947,61656
478564,47339
477891,31678
478535,42203
58002738,63234
481915,63244
477006,51497
58106525,62342
480102,62066
478690,35662
486070,51522
485942,62397
8068293,31196
496051,60724
58085354,30433
476960,63214
2014770,543
38037250,30503
120101,8807
3600902,49093
53114227,38229
8476063,7362
5660229,12169
96002746,37298
400650,2327
67011237,62657
16006821,4855
92002223,7166
521429,12550
403125,12806
8500670,13801
2876,3631
601417,58828
5743607,6560
22033583,11710
2001860,16447
8500697,54395
675301,50925
36001662,7066
9671,3888
2008449,6429
143627,16051
22029192,15999
22001990,21170
5313413,61403
735009,2594
83142662,2594
55023554,2594
55045773,2594
464955,53235
2104,2825
1255,59744
49030788,59744
132843,47459
5748477,34768
8500915,49236
21034142,40761
141644,42658
2018930,4078
10967,2594
22023566,22989
3555,59368
3503873,3885
853,55218
22005161,41662
36009030,59285
62069584,25419
676943,19932
876729,41063
5761215,58851
132667,2490
132835,48125
5767692,18359
678463,25371
8402740,13911
3801537,45759
43105518,45755
675532,6770
30034704,52674
5764864,61982
5745772,39104
824,41753
2000258,3342
38020203,26395
7503195,29406
885100,40656
134442,2548
3301210,41120
4955,6757
882096,371
7162,100
305715,6623
5748265,34494
36055220,31596
26031451,28317
142942,52387
142947,54015
43005431,50151
837899,8651
829101,54020
92012069,14778
14917,31876
3803099,45298
43074973,27552
7521189,9222
132824,16748
2001972,9280
710125,17860
54002146,5591
96130155,48827
54005590,54850
717526,12369
96022462,39796
857295,3837
143635,3058
128244,46249
7520572,16060
3600725,681
675072,54772
36102314,38349
36126982,49297
684869,49297
684336,49717
2018801,10304
2019248,51350
7500776,2077
478073,25182
10284,30940
5720307,5311
71074972,46407
3900302,7897
85053936,60968
19340218,54062
133659,61492
128261,17591
133261,16765
2008349,35872
2006127,5718
7523500,56496
10168,1270
7520682,61232
7523257,16053
7521194,21316
7523458,8848
4209515,1549
7520891,17778
681184,16090
200353,1752
70076028,6540
38041539,41485
143607,53789
38006045,9310
23006526,41224
11949,5256
38001826,9373
7520900,26400
3601285,1081
38019941,17015
7520990,10436
2316,23940
7560177,52438
7440002,3030
1122,6615
38002046,16122
7520945,55179
4201569,456
35015767,7471
19091647,37807
106987,37807
6700984,2662
92052981,35492
37064693,59671
6704823,40197
884720,5045
70056426,30941
2018787,56962
70104461,59928
8475987,19693
15006195,56451
2020301,445
98041666,53943
706632,14333
3601058,27586
1125,16362
125943,56787
96063965,25637
54006286,9121
715103,54830
96006293,57163
96085931,55599
116459,45876
120418,26239
889563,305
96064452,30110
4900074,1747
2020367,2603
18020488,19310
106713,27422
601487,1280
92021454,754
5746352,44131
107072,1909
148426,59077
23190565,47529
6001869,33412
91173541,6134
892624,5464
1636,11602
884794,32295
8720112,41842
8720493,1117
8409317,7673
22040341,25487
7506776,29404
7502227,12397
8430768,38283
7502291,12518
91173530,34794
91175190,35877
91173507,41414
457820,49768
450450,24158
35010144,24954
3500744,5736
3503908,47755
10422,2679
600916,10795
89062073,40793
31000036,27341
5220096,3697
47045999,22396
4206477,35244
812600,5169
31000065,34218
69001316,5374
895540,41260
895347,51630
7526028,55109
91173519,10948
96049338,28559
2014988,14566
92018497,7456
10082,1963
107908,46655
7560353,50380
127809,5354
6100578,2251
63000714,34212
63010337,18361
6702889,39955
7560391,56173
63026602,55430
7560072,51132
7560954,58918
70099964,40426
7562463,56493
3600696,8135
63023877,50398
655557,41322
63028936,7960
63023970,50414
106988,13652
63002646,7972
1438,14649
7861181,10912
35014022,11643
70046354,10881
620324,1530
93085987,52596
93059821,28565
610034,10074
4300110,18765
85045666,18941
96114023,5591
7520973,13615
7522601,28768
7522356,28768
38001841,14091
38046977,13615
5313400,39623
5314851,34135
2008395,17016
38047292,17016
7523185,5029
3700099,40041
686910,50202
36113293,54864
685158,16166
8079627,46213
139786,27199
5325655,27061
15020,55445
169,8201
114843,38981
452922,49550
455332,30693
36125024,52997
8721467,1145
13185363,43467
39006741,52975
39006711,9033
159,1269
5000943,57314
7840253,10321
14953,12312
47042304,26966
18086846,57303
5621582,51565
6001988,14861
143512,57358
7521029,31625
620945,31518
143595,16897
127409,8051
63003844,18098
3500259,1535
25009657,8710
116438,49337
5360746,17842
3802403,47594
35007256,3730
3100737,27141
106041,40956
3600658,689
80012692,47257
1394684255,47257
7520599,2071
2005114,1988
67002996,23841
7521139,16773
7520752,9118
13754,22867
57079980,36225
132646,38429
655391,5598
1009449,9840
1022995,26997
1018882,21974
1041943,41784
1018889,18174
1025351,39559
12007621,16305
141669,4419
57028584,23467
918557,2546
127312,1230
302406,50254
829527,43990
5341744,45099
7600952,34115
4203946,1550
1016619,50248
6900053,7573
62058392,34521
70077930,45316
682400,11767
675560,1803
132035,13216
133323,1489
8875689,22037
19013864,16147
70104895,47520
70058085,41912
70005991,25867
70036585,36504
8481271,55881
8475536,30989
70032953,42266
452243,31464
453606,34338
959326,11494
3102883,31966
116,9137
7202,16050
8110359,29376
67198102,36318
92084850,35783
728366,1592
3100501,4878
4102022,12754
4101693,1967
4211183,3314
703482,30821
704897,30715
138436,22924
2014467,14624
40009772,44492
5101551,6240
4211231,19302
891,19302
13156948,32756
500145,3240
86000464,55073
5666767,8622
37000511,3862
5646277,8127
5640587,12045
108404,17763
133779,55282
138326,50014
7400216,25570
133822,36623
133683,40262
133772,44949
5120065,50895
710134,55112
137668,34219
133685,21095
133709,21098
37007834,5692
856428,1283
5370211,15162
12063697,10673
5370132,41628
5370285,32756
451683,28732
5370220,45091
5370204,5914
5370035,10676
13131481,28090
106754,6120
12010059,10704
13184981,48779
55001645,23094
8350106,19361
2665,14236
23397343,20112
5786609,48706
5789688,3784
23298058,40261
5749510,2512
3600198,377
15215,5628
23232228,11490
7601091,14651
67040467,6445
132764,2458
120743,5790
107898,4941
1045680,46915
23293814,39332
8626019,29496
5340092,34698
12002732,17660
6700194,17763
142921,16447
1030035,31157
107886,2711
3700053,9382
106094,31157
726928,2462
70047410,36681
451914,42335
455852,51890
455997,31452
454901,36682
8475727,22288
128190,23235
133320,23235
3600952,4675
57018439,4675
2014566,16059
15007828,18265
92057708,22856
4001519,3660
29179389,35359
132611,4520
5763468,7713
5745291,21360
975857,3209
116581,26810
43072142,54473
12528,42082
43322749,45118
876831,839
8403124,6625
143508,49820
140212,4217
7561142,52235
29037681,7257
38017896,45233
143533,33171
38039277,16729
133625,17259
2002097,2863
3504972,6039
143569,16054
7520694,52563
133381,48232
1100420,1446
6001368,26041
132912,1058
5640139,34924
7444446,1555
55010782,51511
92065732,32876
55028214,50887
92086252,50268
23039455,21157
7521187,7226
8728336,2710
67008327,14387
35007848,3616
11371,24620
91173212,46617
27003050,22729
72017732,46985
8829347,41093
23232284,34869
876707,52646
15952,4394
127346,8844
3300870,9275
132895,3263
92018923,1985
885427,21016
91013912,13382
3300263,35052
19004713,34959
301716,4981
926052,10657
117097,6362
33067347,47676
5646295,2862
5646206,2862
38008026,42990
133238,48553
135889,6460
23032081,4799
7442,17104
9166,5554
98001549,2808
86011723,33266
86043382,38136
76020514,49044
86043381,44962
5300339,27527
86044922,39887
77002054,9278
75000655,5919
78000814,9532
120949,37592
77053065,47975
14014536,38746
6701920,44706
67243318,50850
116687,15184
5270479,7632
5662852,30669
5251326,10839
950280,12864
75039529,17825
3100223,34251
8408838,21710
47037314,23316
3500538,11851
93057829,32095
93066666,40348
611777,49955
93086461,5553
7816,33048
1100293,18156
3928,44764
4300342,50332
68016251,12117
93084406,37013
93052449,2838
68014011,9117
1106161,50320
7453,19061
8107649,43734
6410341,12271
93020703,32420
93023745,44415
93048804,24860
4206802,39158
43052349,10602
2571,8630
68007239,19067
7441,2776
4301791,5548
1101831,4402
4302040,48236
1103254,50133
611484,9720
116442,8132
484839,24876
1804467,11823
694091,6173
36036235,28339
685419,50598
687163,2456
14776,2208
3969,38929
12016182,21351
116489,30120
5370245,5621
746971,27403
69000233,538
5341380,30981
8626335,11448
8633440,11662
5645966,632
8834911,37277
93012317,4392
6700968,5241
3400180,541
23202190,5598
201742,5598
163687,32049
450714,22370
8475964,36675
5512357,22713
1650100,18256
59065841,27693
7002668,26878
117596,22609
8400049,5428
147105,17806
2010343,4820
132779,5125
5744444,17547
8425022,3733
8502577,23187
3149,2280
4101821,7728
78038815,15809
78027165,15809
78013434,15809
106798,25124
4743,15541
126605,19665
657283,23206
539747,20595
3100207,4778
12029572,27054
23280215,39384
4100309,3364
7541202,8776
23248099,28310
7920515,20112
23305488,39838
85084347,18783
98006176,10158
69000363,532
12004676,13256
12009993,11174
18084259,36914
861406,3829
8108695,2838
68002917,2840
43129965,45341
802385,1813
614247,44466
93059850,29086
93049763,22849
23172440,33696
96028670,28557
3600674,19279
27048292,13072
936374,13047
27017795,13052
14432,17746
7300136,6587
27036556,38700
928867,7310
927663,14320
876834,38548
928395,35661
928445,38063
36072862,47929
12007251,28785
36055951,34175
3200146,36928
3557,2438
92079468,41929
137157,9808
3501251,2146
143934,46086
67043468,29066
133812,45695
23005086,48707
133837,1591
23034783,24769
1008162,21111
7400221,21101
23034017,38769
3900828,10634
67018497,5117
2018553,26003
3102359,22807
705161,517
5653982,42565
7520602,15146
8055589,25305
601415,1890
96053524,30350
675007,1278
115533,34987
78002157,11453
78022429,22126
2001903,38629
78011696,22117
2018896,34235
78001197,7633
7601507,22056
142920,31460
142917,3702
57009326,23268
127389,14573
402560,1227
694094,42374
690217,42376
694462,2556
3501127,42377
694463,42375
78004177,29475
7840592,38871
116547,9405
2008495,9407
7400194,24016
2005209,16225
36036310,9527
450529,22826
454566,26649
2001960,4756
92079605,34859
892293,748
8728197,35509
6001765,27405
3600995,11263
35011935,752
141937,47925
5512952,11780
6928,2144
19135341,4721
5640162,8459
5640433,8459
6701738,41582
7440790,30819
4203305,39121
4100609,1586
6100588,15711
824584,29317
67041256,23887
453297,8914
18096121,47937
36010109,47958
706543,12907
11235,17354
43096072,43673
2433,31861
1652411,5144
116031,36287
19042084,41047
5640095,29239
25039409,29522
133028,28824
133767,36760
133776,36759
5625783,24272
137153,47004
43025945,47712
706510,12427
116402,32897
1507560,39180
3803034,47200
43115191,47201
128084,13736
705595,20917
23322114,47193
5118316,30530
4100400,2649
132949,37679
6001296,2724
7541379,20691
36036014,9528
36076788,30452
25040158,30400
25049298,41397
141715,11121
5725386,557
686836,1782
682617,12841
114660,41871
36096222,35561
18072666,48045
36090580,33223
687076,46546
36017186,36824
19158721,31320
5745419,15913
5773854,4527
5741445,4245
62001542,46332
650425,6945
3802010,20830
652867,8186
107971,36250
7842648,9414
98010469,25028
58112685,38469
69010957,11833
11313,16092
139937,26783
22038501,23418
116449,23125
3601008,35353
5200119,11146
57006877,23271
7541256,36189
7541099,4793
7560196,8138
7560115,48034
7560951,20497
121136,34248
63004117,14078
675450,32397
132329,31371
128612,2740
8501049,25458
452053,11703
7580721,20505
8500994,25462
107821,40771
21024380,40283
8502445,40090
7587338,47039
7582264,8624
650349,2892
6300023,22266
87029485,41864
14001870,22582
11692,10941
766807,27131
80000612,22818
5201427,18482
5660443,35204
87017695,44127
3100178,17428
7820484,17297
34006827,46415
18076594,10920
15912,24815
8189054,29622
91017184,28423
138612,21243
4694,16908
533888,1010
200476,402
3603814,36320
37012926,8165
13277,28536
37053068,36340
10161,29276
600649,17474
5340717,17654
12007235,16346
3500714,24752
2016467,20913
7564200,7968
8826524,11612
8826841,9292
59001282,10901
403116,23732
1650205,9030
706242,20947
3803658,2122
8325182,5269
92052833,9803
754086,40998
3803613,7482
43056395,9889
132052,28523
8485843,5080
96045122,39380
35025056,15111
3601306,23083
3100481,23342
2018502,5385
307000,24036
19067207,24036
705248,5385
71072471,27619
4211801,781
526986,18145
128293,12542
7867226,12542
481013,46259
6704037,5961
6300039,5961
19033326,13701
309230,39322
57042879,43824
901,28313
3801611,5966
900071,6270
5747292,4259
5753249,5229
132561,5263
132423,4641
5774746,8907
5746265,23241
2001356,2741
114671,4550
2019013,1646
1082,25420
106977,6789
3200114,22897
128169,4890
32019150,40521
931989,8351
8300144,34450
120414,10902
8301086,7489
8300138,41051
5280087,30359
3602788,2620
91123864,4460
2018800,5006
478481,14461
80024974,37183
80013390,20325
23000540,27039
675338,9287
4054,19446
2018710,44835
144053,38850
80000519,38502
4201009,23736
5395111,11721
5385047,23959
5385148,20384
5230013,2932
82003176,10418
87018379,17710
950972,11731
76002773,41523
5230012,45511
79025132,30482
3102558,19595
3300031,22557
86031251,21107
3100535,23670
107421,8271
116136,23765
15093,21197
5000899,9582
13050,27215
8769,4436
1639,9581
911763,4032
26002244,23883
143205,45172
64006934,23381
661055,39082
150133,9610
311055,6953
317268,38345
3300819,30162
19187128,43045
19051735,14262
4100108,35663
19168308,37674
128312,5512
37000207,18744
850972,499
15538,12006
1651524,26497
477884,45068
836412,9463
835610,5419
836821,44759
705299,2125
3803797,5415
708042,2124
14437,16570
92072823,4610
92018960,4744
34001232,31939
7584994,8974
8715534,941
77013636,22881
5290226,40458
2450,5622
5290340,9522
5290010,23868
131414,15068
1200292,29886
834082,17509
65001047,36699
12408,6487
6702440,9511
116967,22696
7000521,1857
140096,44437
116949,29982
11319,6225
5603228,29595
885146,11916
36037197,28381
8832872,4692
5789571,17858
5745159,3363
682571,12873
1801172,12884
480709,17377
7564329,14867
8455376,14622
15238,2057
7582275,7817
5624341,14292
15120,6451
5703570,21061
137204,10434
713861,3874
5703245,11564
784247,10588
20212,628
38034188,37396
132580,16105
107882,4971
5341420,44243
8632636,25197
12002730,17415
5390023,15852
5360522,16321
852150,1880
478468,10359
485944,33037
7561053,13568
149701,28868
149610,7062
7681395,7760
7481281,13999
5341864,41986
139659,13982
128194,7649
500150,2835
11007489,25634
10071,3214
96030180,38933
5754998,13676
24005248,14788
11944,29100
5310229,32554
5311554,20054
478615,10964
7541921,42326
7541838,43254
7540524,4795
57009212,26042
877048,22664
120517,23565
7544891,4792
133095,1337
25020772,33991
25039353,28574
25022168,43395
5745415,4247
5744339,25418
5759789,5265
132804,42073
5761867,20533
657621,1835
652790,21572
126310,25136
2001924,6609
107792,8139
7562304,7959
143738,7964
7560635,8005
63025531,29855
7561973,42008
116943,42218
7542067,29999
752839,23220
2000084058,88434
98029120,18749
37087547,34505
2000165329,83088
70058070,55690
950338,94861
96020074,35712
96015226,20824
3100461,24228
2000068991,28746
96159422,82099
6001031,1640
96020615,31178
67270405,94692
3100403,51010
92038318,8204
890501,39045
2000134566,71420
8718068,35168
6001798,17928
3601486,20324
3600709,33411
92021452,4484
127925,93140
5721900,25055
4211704,5847
92065969,29418
5724345,2582
98007011,9011
11686,6408
116922,5977
98008141,5857
2018502,536
13752,12871
35007305,98323
8715238,2079
3602248,149
115654,47697
131896,28530
7580154,90813
140211,86820
7582303,90966
7581231,6644
7581208,82751
2000005993,69502
890518,59373
67224589,83288
3164,3864
84159688,64827
619869,44290
5113034,13218
59074957,39290
145043,27045
950206,87165
3506,6692
745269,93499
67057781,31068
5100896,76935
2004544,4230
3601106,196
2014431,30276
2000164511,102182
650097,20637
10168,1270
3506,6692
59074957,39290
145043,27045
950206,87165
5113034,13218
619869,44290
84159688,64827
67224589,83288
3164,3864
890518,59373
93127316,62270
2000005993,69502
7580154,90813
829534,52249
140211,86820
128665,51385
7582303,90966
7581231,6644
7581208,82751
650141,30505
131896,28530
24056653,62910
851229,13405
2000084058,88434
98029120,18749
5660143,37617
37087547,34505
96083934,36088
2018573,52367
8718494,55627
890425,66722
70036197,37380
70091097,86183
70085807,86214
451754,85617
451816,85601
70036542,27567
2000026056,40863
2000165329,83088
70058070,55690
8475531,55692
457549,2615
106670,30988
309416,10908
14229862,95430
950338,94861
8728250,96813
96020074,35712
96015226,20824
70080674,97741
3100461,24228
2000068991,28746
96159422,82099
6001031,1640
3801617,10374
2018775,2019
104408,34654
452073,41081
76045904,64670
14934,2450
141338,1523
2003501,1523
926037,49694
5341870,63572
67270405,94692
3100403,51010
980816,98082
4568,1665
92038318,8204
890501,39045
2000134566,71420
8718068,35168
6001798,17928
3601486,20324
3600709,33411
92021452,4484
127925,93140
5721900,25055
4211704,5847
92065969,29418
5660195,28835
5724345,2582
98007011,9011
11686,6408
116922,5977
98008141,5857
131550,24669
14009372,22170
11117,35676
8485305,38319
13752,12871
35007305,98323
8715238,2079
115654,47697
